[
    {
        "URL": "https://www.xing.com//jobs/wien-softwareentwickler-berater-net-mobile-xamarin-net-xamarin-mvvm-wpf-inhouse-mwd-123303772",
        "position": "Softwareentwickler / Berater C# / .NET mobile/Xamarin | C#, .NET, Xamarin, MVVM, WPF | Inhouse",
        "company": "Vesterling AG"
    },
    {
        "URL": "https://www.xing.com//jobs/wien-softwareentwickler-net-sql-expert-teilzeit-30-std-woche-123302946",
        "position": "Softwareentwickler C# .NET / SQL Expert  - Teilzeit ab 30.Std/Woche",
        "company": "Bechtle Austria GmbH"
    },
    {
        "URL": "https://www.xing.com//jobs/wien-net-developer-wien-oesb-gruppe-management-gmbh-wien-vollzeit-2-monaten-ago-123192998",
        "position": "C#/.NET Developer –  (Wien) ÖSB Gruppe Management GmbH Wien Wien Vollzeit 2 Monaten ago",
        "company": "ÖSB Gruppe Management GmbH"
    },
    {
        "URL": "https://www.xing.com//jobs/wien-senior-net-developer-122581985",
        "position": "Senior .NET Developer",
        "company": "RUBICON IT GmbH"
    },
    {
        "URL": "https://www.xing.com//jobs/wien-net-senior-developer-122455475",
        "position": ".NET Senior Developer",
        "company": "TechTalk"
    },
    {
        "URL": "https://www.xing.com//jobs/wien-senior-code-module-net-engineer-discovering-workings-net-122349240",
        "position": "Senior Code Module (.NET) Engineer : discovering the inner workings of .NET!",
        "company": "Dynatrace"
    },
    {
        "URL": "https://www.xing.com//jobs/wien-net-senior-developer-122188106",
        "position": ".NET Senior Developer",
        "company": "TechTalk GmbH"
    },
    {
        "URL": "https://www.xing.com//jobs/wien-telefonanlagen-service-techniker-120960911",
        "position": "Telefonanlagen Service-Techniker",
        "company": "net-sol GmbH"
    },
    {
        "URL": "https://www.xing.com//jobs/wien-vollzeit-system-engineer-administrator-120964092",
        "position": "VOLLZEIT SYSTEM ENGINEER/ADMINISTRATOR",
        "company": "net-sol GmbH"
    },
    {
        "URL": "https://www.xing.com//jobs/wien-senior-software-developer-net-120947661",
        "position": "(Senior) Software-Developer .NET",
        "company": "Auftragnehmerkataster Österreich"
    },
    {
        "URL": "https://www.xing.com//jobs/wien-software-developer-microsoft-net-120942036",
        "position": "Software-Developer Microsoft C#, .net",
        "company": "EBCONT group GmbH"
    },
    {
        "URL": "https://www.xing.com//jobs/wien-net-entwickler-118619699",
        "position": ".Net Entwickler",
        "company": "apsa personnel concepts gmbh"
    },
    {
        "URL": "https://www.xing.com//jobs/wien-net-core-developer-118215846",
        "position": "C#/.NET Core Developer",
        "company": "Programmierfabrik GmbH"
    },
    {
        "URL": "https://www.xing.com//jobs/wien-net-developer-117527568",
        "position": ".net Developer IT",
        "company": "Österreichische Post AG"
    },
    {
        "URL": "https://www.xing.com//jobs/wien-net-sw-entwickler-117239256",
        "position": "C#/ .NET SW-Entwickler",
        "company": "TECHSEARCH"
    },
    {
        "URL": "https://www.xing.com//jobs/wien-net-bzw-angular-developer-home-office-moeglichkeit-117011842",
        "position": "C# .NET bzw. ANGULAR Developer - HOME-OFFICE-Möglichkeit",
        "company": "JOB WORLD GmbH"
    },
    {
        "URL": "https://www.xing.com//jobs/wien-softwareentwickler-net-116834348",
        "position": "Softwareentwickler - C#/.NET",
        "company": "efinio AG"
    },
    {
        "URL": "https://www.xing.com//jobs/wien-softwareentwickler-net-toolentwicklung-116834195",
        "position": "Softwareentwickler C#, .NET-Toolentwicklung",
        "company": "efinio AG"
    },
    {
        "URL": "https://www.xing.com//jobs/wien-mes-softwareentwickler-mssql-net-116808932",
        "position": "MES Softwareentwickler  - (C#, MSSQL, .NET)",
        "company": "RIB Software AG"
    },
    {
        "URL": "https://www.xing.com//jobs/wien-net-developer-115694743",
        "position": ".NET Developer",
        "company": "TechTalk GmbH"
    },
    {
        "URL": "https://www.xing.com//jobs/wien-net-developer-net-core-entwicklung-114601490",
        "position": "C#/.Net Developer  - .Net Core Entwicklung",
        "company": "Kontron Technologies GmbH"
    },
    {
        "URL": "https://www.xing.com//jobs/wien-full-stack-ux-entwickler-net-react-user-interfaces-114201035",
        "position": "Full Stack / UX Entwickler .NET/React  für User Interfaces",
        "company": "KA Resources"
    },
    {
        "URL": "https://www.xing.com//jobs/wien-senior-net-entwickler-logistiksysteme-114125403",
        "position": "Senior C#.NET Entwickler  für Logistiksysteme",
        "company": "KA Resources"
    },
    {
        "URL": "https://www.xing.com//jobs/wien-webentwickler-senior-net-umfeld-113374185",
        "position": "Webentwickler Senior im .NET Umfeld",
        "company": "Feliciter Consulting und Dienstleistungs GmbH"
    },
    {
        "URL": "https://www.xing.com//jobs/wien-senior-software-developer-for-mission-critical-systems-30h-123472359",
        "position": "Senior Software Developer for Mission Critical Systems  ab 30h",
        "company": "CANCOM Austria AG"
    },
    {
        "URL": "https://www.xing.com//jobs/wien-digital-sales-development-associate-vienna-123520656",
        "position": "Digital Sales Development Associate  Vienna",
        "company": "SAP"
    },
    {
        "URL": "https://www.xing.com//jobs/wien-digital-sales-development-associate-vienna-123521437",
        "position": "Digital Sales Development Associate  Vienna",
        "company": "RUAG"
    },
    {
        "URL": "https://www.xing.com//jobs/wien-honorartainer-informationstechnologie-123511381",
        "position": "Honorartainer Informationstechnologie",
        "company": "BBRZ Reha GmbH"
    },
    {
        "URL": "https://www.xing.com//jobs/wien-full-stack-developer-angular-123533780",
        "position": "Full Stack Developer C# / Angular",
        "company": "ADMIRAL"
    },
    {
        "URL": "https://www.xing.com//jobs/wien-expert-energiewirtschaftliche-systemeab-30-stunden-vollzeit-123417842",
        "position": "Expert*in Energiewirtschaftliche Systemeab 30 Stunden/ Vollzeit",
        "company": "WIEN ENERGIE GmbH"
    },
    {
        "URL": "https://www.xing.com//jobs/wien-junior-devops-engineer-123372710",
        "position": "Junior DevOps Engineer",
        "company": "PKE Holding AG"
    },
    {
        "URL": "https://www.xing.com//jobs/wien-senior-devops-engineer-123372707",
        "position": "Senior DevOps Engineer",
        "company": "PKE Holding AG"
    },
    {
        "URL": "https://www.xing.com//jobs/wien-b2b-business-developer-123335767",
        "position": "B2B Business Developer",
        "company": "Sony Europe BV, Austria Branch"
    },
    {
        "URL": "https://www.xing.com//jobs/wien-test-automation-engineer-123263422",
        "position": "Test Automation Engineer C#",
        "company": "ADMIRAL"
    },
    {
        "URL": "https://www.xing.com//jobs/wien-test-automation-engineer-123224000",
        "position": "Test Automation Engineer",
        "company": "PORR AG"
    },
    {
        "URL": "https://www.xing.com//jobs/wien-mitarbeiter-schadenmanagement-reiseversicherung-123187572",
        "position": "Mitarbeiter_in Schadenmanagement Reiseversicherung",
        "company": "Europäische Reiseversicherung"
    },
    {
        "URL": "https://www.xing.com//jobs/wien-venergi-electrical-instrumentation-engineer-energy-transition-123079307",
        "position": "Venergi - Electrical and Instrumentation Engineer - Energy Transition",
        "company": "Ramboll Holding GmbH"
    },
    {
        "URL": "https://www.xing.com//jobs/wien-aktuar-schaden-unfall-123011115",
        "position": "Aktuar_in Schaden/Unfall",
        "company": "Generali Versicherung AG"
    },
    {
        "URL": "https://www.xing.com//jobs/wien-venergi-cad-engineer-konstrukteur-energy-transition-122989214",
        "position": "Venergi - CAD Engineer/Konstrukteur - Energy Transition",
        "company": "Ramboll Holding GmbH"
    },
    {
        "URL": "https://www.xing.com//jobs/wien-account-executive-medium-enterprise-austria-122967631",
        "position": "Account Executive Medium Enterprise - Austria",
        "company": "Workday Austria GmbH"
    },
    {
        "URL": "https://www.xing.com//jobs/wien-aktuar-schaden-unfall-122965162",
        "position": "Aktuar_in Schaden/Unfall",
        "company": "Generali Versicherung AG"
    },
    {
        "URL": "https://www.xing.com//jobs/wien-net-software-architekt-23-12-fsw-112650623",
        "position": ".Net Software Architekt (23/12/FSW)",
        "company": "Fonds Soziales Wien Jobportal"
    },
    {
        "URL": "https://www.xing.com//jobs/wien-spezialist-unternehmenskommunikation-122946056",
        "position": "Spezialist_in Unternehmenskommunikation",
        "company": "Generali Versicherung AG"
    },
    {
        "URL": "https://www.xing.com//jobs/wien-it-consultant-ntcs-software-122923717",
        "position": "IT-Consultant für NTCS Software",
        "company": "BMD Systemhaus GesmbH"
    },
    {
        "URL": "https://www.xing.com//jobs/wien-software-developer-122866120",
        "position": "Software Developer",
        "company": "VAMED AG"
    },
    {
        "URL": "https://www.xing.com//jobs/wien-senior-software-engineer-122821232",
        "position": "Senior Software Engineer",
        "company": "RUBICON IT GmbH"
    },
    {
        "URL": "https://www.xing.com//jobs/wien-lead-software-developer-produktentwicklung-122821201",
        "position": "Lead Software Developer für Produktentwicklung",
        "company": "RUBICON IT GmbH"
    },
    {
        "URL": "https://www.xing.com//jobs/wien-lead-software-developer-122820869",
        "position": "Lead Software Developer",
        "company": "RUBICON IT GmbH"
    },
    {
        "URL": "https://www.xing.com//jobs/wien-apn-advanced-practice-nurse-gerontopsychiatrie-all-genders-122815342",
        "position": "APN | Advanced Practice Nurse Gerontopsychiatrie - all genders",
        "company": "Haus der Barmherzigkeit"
    },
    {
        "URL": "https://www.xing.com//jobs/wien-digital-sales-development-associate-austria-122808609",
        "position": "Digital Sales Development Associate  Austria",
        "company": "RUAG"
    },
    {
        "URL": "https://www.xing.com//jobs/wien-digital-sales-development-associate-austria-122806939",
        "position": "Digital Sales Development Associate  Austria",
        "company": "SAP"
    },
    {
        "URL": "https://www.xing.com//jobs/wien-team-leader-customer-relations-122769148",
        "position": "Team Leader Customer Relations (f/m/x)",
        "company": "AVCON JET AG"
    },
    {
        "URL": "https://www.xing.com//jobs/vienna-senior-test-automation-engineer-all-genders-122768020",
        "position": "Senior Test Automation Engineer (all genders)",
        "company": "Accenture"
    },
    {
        "URL": "https://www.xing.com//jobs/wien-team-leader-customer-relations-122585297",
        "position": "Team Leader Customer Relations (f/m/x)",
        "company": "ISG Personalmanagement GmbH"
    },
    {
        "URL": "https://www.xing.com//jobs/wien-controller-kostenmanagement-122552090",
        "position": "Controller_in Kostenmanagement",
        "company": "Generali Versicherung AG"
    },
    {
        "URL": "https://www.xing.com//jobs/wien-trainee-prozess-projektmanagement-ablauforganisation-digitalisierung-122497407",
        "position": "Trainee Prozess- und Projektmanagement für Ablauforganisation und Digitalisierung",
        "company": "Generali"
    },
    {
        "URL": "https://www.xing.com//jobs/wien-intern-digital-sales-development-122484402",
        "position": "Intern  - Digital Sales Development",
        "company": "RUAG"
    },
    {
        "URL": "https://www.xing.com//jobs/wien-intern-digital-sales-development-122481507",
        "position": "Intern  - Digital Sales Development",
        "company": "SAP"
    },
    {
        "URL": "https://www.xing.com//jobs/wien-controller-122446056",
        "position": "Controller_in",
        "company": "Generali Versicherung AG"
    },
    {
        "URL": "https://www.xing.com//jobs/wien-identity-access-management-iam-expert-122340160",
        "position": "Identity & Access Management (IAM) Expert",
        "company": "Generali Operations Service Platform S.R.L. (GOSP)"
    },
    {
        "URL": "https://www.xing.com//jobs/wien-leitung-transformation-management-finance-system-data-and-projects-122340156",
        "position": "Leitung Transformation Management Finance (System, Data and Projects)",
        "company": "Generali"
    },
    {
        "URL": "https://www.xing.com//jobs/wien-mitarbeiter-data-quality-management-122340168",
        "position": "Mitarbeiter_in Data Quality Management",
        "company": "Generali Österreich"
    },
    {
        "URL": "https://www.xing.com//jobs/wien-site-reliability-engineer-122340158",
        "position": "Site Reliability Engineer",
        "company": "Generali"
    },
    {
        "URL": "https://www.xing.com//jobs/wien-network-security-expert-122340170",
        "position": "Network Security Expert_in",
        "company": "GOSP"
    },
    {
        "URL": "https://www.xing.com//jobs/wien-software-tester-web-windowsanwendungen-122194694",
        "position": "Software-Tester für Web  und Windowsanwendungen",
        "company": "PKE Holding AG"
    },
    {
        "URL": "https://www.xing.com//jobs/wien-senior-front-end-full-stack-engineer-122159905",
        "position": "Senior Front End (Full Stack) Engineer (m/f/d)",
        "company": "Sclable Business Solutions GmbH"
    },
    {
        "URL": "https://www.xing.com//jobs/wien-full-stack-developer-122157823",
        "position": "Full Stack Developer",
        "company": "Wiener Lokalbahnen GmbH"
    },
    {
        "URL": "https://www.xing.com//jobs/wien-computer-scientist-122145458",
        "position": "Computer Scientist (m / f / d)",
        "company": "STRABAG Innovation & Digitalisation"
    },
    {
        "URL": "https://www.xing.com//jobs/wien-senior-fullstack-developer-121940471",
        "position": "(Senior) Fullstack Developer",
        "company": "Grassfish Marketing Technologies GmbH"
    },
    {
        "URL": "https://www.xing.com//jobs/wien-project-manager-individualsoftwareentwicklung-all-genders-121920696",
        "position": "Project Manager Individualsoftwareentwicklung - all genders",
        "company": "Die Karrierearchitekten"
    },
    {
        "URL": "https://www.xing.com//jobs/wien-full-stack-developer-121793876",
        "position": "C# Full-Stack Developer",
        "company": "PKE Holding AG"
    },
    {
        "URL": "https://www.xing.com//jobs/wien-net-entwicklung-junior-senior-level-110574484",
        "position": ".NET Entwicklung , junior und senior level",
        "company": "MOGI business creation company GmbH"
    },
    {
        "URL": "https://www.xing.com//jobs/wien-net-developer-net-core-entwicklung-110522427",
        "position": "C#/.Net Developer  - .Net Core Entwicklung",
        "company": "KONTRON AG"
    },
    {
        "URL": "https://www.xing.com//jobs/wien-professional-software-sales-austria-powered-sap-academy-121660693",
        "position": "Become a professional  in Software Sales - Austria - powered by SAP Academy",
        "company": "RUAG"
    },
    {
        "URL": "https://www.xing.com//jobs/wien-professional-software-sales-austria-powered-sap-academy-121659099",
        "position": "Become a professional  in Software Sales - Austria - powered by SAP Academy",
        "company": "SAP"
    },
    {
        "URL": "https://www.xing.com//jobs/wien-senior-account-manager-remote-121524972",
        "position": "(Senior) Account Manager  - Remote",
        "company": "Finmatics GmbH"
    },
    {
        "URL": "https://www.xing.com//jobs/wien-full-stack-entwickler-web-entwicklung-121315231",
        "position": "Full Stack Entwickler - Web Entwicklung",
        "company": "PKE Holding AG"
    },
    {
        "URL": "https://www.xing.com//jobs/wien-sr-specialist-solution-architect-msft-specialists-team-europe-central-121297290",
        "position": "Sr Specialist Solution Architect MSFT, Specialists Team Europe Central",
        "company": "AWS EMEA (Austria) - J41"
    },
    {
        "URL": "https://www.xing.com//jobs/wien-backend-engineer-121291723",
        "position": "Backend Engineer",
        "company": "21bitcoin"
    },
    {
        "URL": "https://www.xing.com//jobs/wien-technician-position-vienna-121040462",
        "position": "Technician position in Vienna",
        "company": "acib GmbH"
    },
    {
        "URL": "https://www.xing.com//jobs/wien-internship-strategic-pricing-25-38h-start-august-2024-120995443",
        "position": "Internship Strategic Pricing 25-38h (d/f/m) - start August 2024",
        "company": "Henkel AG & Co. KGaA"
    },
    {
        "URL": "https://www.xing.com//jobs/wien-hotel-masseur-120970226",
        "position": "Hotel Masseur/In",
        "company": "The Golden Tree - Wien"
    },
    {
        "URL": "https://www.xing.com//jobs/wien-patentanwaltsanwaerter-120964329",
        "position": "Patentanwaltsanwärter",
        "company": "Weiser & Voith Patentanwälte"
    },
    {
        "URL": "https://www.xing.com//jobs/wien-cloud-administraion-beratung-120956168",
        "position": "Cloud Administraion und Beratung",
        "company": "XIT-cross information technologies GmbH"
    },
    {
        "URL": "https://www.xing.com//jobs/wien-application-performance-engineer-consulting-120957330",
        "position": "Application Performance Engineer  - Consulting",
        "company": "triscon IT-Services GmbH"
    },
    {
        "URL": "https://www.xing.com//jobs/wien-senior-performance-marketing-manager-120936343",
        "position": "Senior Performance Marketing Manager (m/f/d)",
        "company": "Shopstory GmbH"
    },
    {
        "URL": "https://www.xing.com//jobs/wien-senior-online-marketing-manager-120929234",
        "position": "Senior Online Marketing Manager (m/f/d)",
        "company": "Shopstory GmbH"
    },
    {
        "URL": "https://www.xing.com//jobs/wien-full-stack-developer-120830418",
        "position": "Full-Stack Developer",
        "company": "Bechtle"
    },
    {
        "URL": "https://www.xing.com//jobs/wien-softwareentwickler-schwerpunkt-microsoft-moderne-webtechnologien-120758018",
        "position": "Softwareentwickler  mit Schwerpunkt Microsoft und moderne Webtechnologien",
        "company": "Bechtle"
    },
    {
        "URL": "https://www.xing.com//jobs/wien-team-lead-software-development-120573435",
        "position": "Team Lead Software Development (w/m/x)",
        "company": "epunkt"
    },
    {
        "URL": "https://www.xing.com//jobs/wien-senior-project-manager-software-development-all-genders-120555937",
        "position": "(Senior) Project Manager – Software Development (all genders)",
        "company": "xinonet GmbH"
    },
    {
        "URL": "https://www.xing.com//jobs/wien-senior-associate-fund-finance-120280488",
        "position": "Senior Associate Fund Finance (f/m/x)",
        "company": "Raiffeisen Bank International AG"
    },
    {
        "URL": "https://www.xing.com//jobs/wien-senior-qa-engineer-testautomation-119847924",
        "position": "Senior QA Engineer & Testautomation",
        "company": "PKE Holding AG"
    },
    {
        "URL": "https://www.xing.com//jobs/wien-international-sales-manager-119692683",
        "position": "International Sales Manager",
        "company": "aristid personalberatung"
    },
    {
        "URL": "https://www.xing.com//jobs/wien-cloud-full-stack-entwickler-119632224",
        "position": "Cloud Full-Stack Entwickler*in",
        "company": "Stadt Wien"
    },
    {
        "URL": "https://www.xing.com//jobs/wien-venergi-mechanical-engineer-energy-transition-119501480",
        "position": "Venergi: Mechanical Engineer - Energy Transition",
        "company": "Ramboll Holding GmbH"
    },
    {
        "URL": "https://www.xing.com//jobs/wien-application-manager-119412566",
        "position": "Application Manager",
        "company": "PMC International Personalberatung GesmbH"
    },
    {
        "URL": "https://www.xing.com//jobs/wien-angularjs-developer-home-office-moeglichkeit-118972699",
        "position": "AngularJS/C# Developer (Home-office-Möglichkeit)",
        "company": "JOB WORLD GmbH"
    },
    {
        "URL": "https://www.xing.com//jobs/wien-software-tester-web-windowsanwendungen-119213123",
        "position": "Software-Tester für Web – und Windowsanwendungen",
        "company": "PKE Holding AG"
    },
    {
        "URL": "https://www.xing.com//jobs/wien-software-developer-119017210",
        "position": "Software Developer",
        "company": "DEKRA Arbeit GmbH"
    },
    {
        "URL": "https://www.xing.com//jobs/wien-it-supporter-1st-level-sofortigen-eintritt-118960434",
        "position": "IT-Supporter (1st-Level) zum sofortigen Eintritt",
        "company": "Innonet ICT-Services GmbH"
    },
    {
        "URL": "https://www.xing.com//jobs/wien-construction-maintenance-manager-118787096",
        "position": "Construction & Maintenance Manager",
        "company": "BP Europa SE"
    },
    {
        "URL": "https://www.xing.com//jobs/wien-physiotherapist-zurichsee-118736865",
        "position": "Physiotherapist Zurichsee",
        "company": "PhysioMatch"
    },
    {
        "URL": "https://www.xing.com//jobs/wien-glasapparatebauer-118612572",
        "position": "Glasapparatebauer",
        "company": "JUMO Mess- und Regelgeräte GmbH"
    },
    {
        "URL": "https://www.xing.com//jobs/wien-assistant-fintech-15-25h-week-118434298",
        "position": "Assistant for FinTech 15-25h/week",
        "company": "Fonmoney GmbH"
    },
    {
        "URL": "https://www.xing.com//jobs/wien-senior-developer-118382995",
        "position": "Senior Developer",
        "company": "dox42 GmbH"
    },
    {
        "URL": "https://www.xing.com//jobs/wien-platform-engineer-118382988",
        "position": "Platform Engineer",
        "company": "dox42 GmbH"
    },
    {
        "URL": "https://www.xing.com//jobs/wien-xamarin-mobile-developer-118254379",
        "position": "C# - Xamarin Mobile Developer",
        "company": "Workheld GmbH"
    },
    {
        "URL": "https://www.xing.com//jobs/wien-senior-expert-licensing-project-delivery-genders-118247017",
        "position": "Senior Expert Licensing Project Delivery (all genders)",
        "company": "OMV AG"
    },
    {
        "URL": "https://www.xing.com//jobs/wien-application-developer-job-id-mic505649-118243319",
        "position": "C# Application Developer (m/f/d) - Job ID: MIC505649",
        "company": "Atos SE"
    },
    {
        "URL": "https://www.xing.com//jobs/wien-bzw-angular-developer-home-office-moeglichkeit-118227583",
        "position": "C# bzw. Angular Developer  (Home-office-Möglichkeit)",
        "company": "JOB WORLD GmbH"
    },
    {
        "URL": "https://www.xing.com//jobs/wien-product-lead-developer-118216027",
        "position": "Product Lead Developer",
        "company": "Ing. Ernest Robertino Stella"
    },
    {
        "URL": "https://www.xing.com//jobs/wien-ms-dynamics-365-crm-entwickler-mehrere-standorte-remote-117665623",
        "position": "MS Dynamics 365 (CRM) Entwickler  - mehrere Standorte oder remote",
        "company": "KA Resources"
    },
    {
        "URL": "https://www.xing.com//jobs/wien-ms-dynamics-crm-entwickler-mehrere-standorte-homeoffice-117665584",
        "position": "MS Dynamics CRM Entwickler  - mehrere Standorte mit Homeoffice",
        "company": "KA Resources"
    },
    {
        "URL": "https://www.xing.com//jobs/wien-mitarbeiter-projektleitung-mechatronik-leit-sicherungstechnik-117564578",
        "position": "Mitarbeiter Projektleitung (Mechatronik) - Leit- und Sicherungstechnik",
        "company": "ÖBB"
    },
    {
        "URL": "https://www.xing.com//jobs/wien-mitarbeiter-qa-engineering-it-117527858",
        "position": "Mitarbeiter*in QA Engineering IT",
        "company": "Österreichische Post AG"
    },
    {
        "URL": "https://www.xing.com//jobs/wien-it-academy-117527085",
        "position": "IT Academy",
        "company": "Österreichische Post AG"
    },
    {
        "URL": "https://www.xing.com//jobs/wien-support-engineer-117492827",
        "position": "Support Engineer",
        "company": "TechTalk GmbH"
    },
    {
        "URL": "https://www.xing.com//jobs/wien-customer-success-manager-117378763",
        "position": "Customer Success Manager",
        "company": "DataGuard"
    },
    {
        "URL": "https://www.xing.com//jobs/wien-it-projektmanager-bzw-it-koordinator-releasemanagementerfahrung-home-office-moeglichkeit-117121920",
        "position": "IT-Projektmanager bzw. IT-Koordinator mit Releasemanagementerfahrung  (Home-office-Möglichkeit)",
        "company": "JOB WORLD GmbH"
    },
    {
        "URL": "https://www.xing.com//jobs/wien-head-department-procurement-global-projects-engineering-services-genders-117023895",
        "position": "Head of Department Procurement Global Projects & Engineering Services (all genders)",
        "company": "OMV AG"
    },
    {
        "URL": "https://www.xing.com//jobs/wien-developer-angular-genders-116783917",
        "position": "Developer C# /Angular (all genders)",
        "company": "JOB WORLD GmbH"
    },
    {
        "URL": "https://www.xing.com//jobs/wien-tester-innen-wanted-suchen-110851175",
        "position": "Testernen WANTED – Wir suchen EUCH",
        "company": "consourcive GmbH"
    },
    {
        "URL": "https://www.xing.com//jobs/wien-erp-logistik-expert-115659074",
        "position": "ERP Logistik Expert",
        "company": "PCS- IT Consulting GmbH"
    },
    {
        "URL": "https://www.xing.com//jobs/wien-technical-test-engineer-115540865",
        "position": "Technical Test Engineer",
        "company": "TechTalk GmbH"
    },
    {
        "URL": "https://www.xing.com//jobs/wien-full-stack-developer-115299175",
        "position": "Full Stack Developer",
        "company": "Ing. Ernest Robertino Stella"
    },
    {
        "URL": "https://www.xing.com//jobs/wien-software-cloud-architect-114806808",
        "position": "Software & Cloud Architect",
        "company": "Bechtle"
    },
    {
        "URL": "https://www.xing.com//jobs/wien-ms-dynamics-365-ce-entwickler-wien-homeoffice-114198169",
        "position": "MS Dynamics 365 CE Entwickler  - Wien + Homeoffice",
        "company": "KA Resources"
    },
    {
        "URL": "https://www.xing.com//jobs/wien-microsoft-dynamics-crm-entwickler-wien-homeoffice-europaweit-114175844",
        "position": "Microsoft Dynamics CRM Entwickler  - Wien oder Homeoffice europaweit",
        "company": "KA Resources"
    },
    {
        "URL": "https://www.xing.com//jobs/wien-lead-software-developer-113497486",
        "position": "Lead Software Developer",
        "company": "TechTalk GmbH"
    },
    {
        "URL": "https://www.xing.com//jobs/wien-microsoft-power-plattform-developer-23-12-fsw-ka-113153038",
        "position": "Microsoft Power Plattform Developer (23/12/FSW/KA)",
        "company": "Fonds Soziales Wien Jobportal"
    },
    {
        "URL": "https://www.xing.com//jobs/wien-phd-position-advanced-synthetic-biology-tools-yeast-strain-development-112362325",
        "position": "PhD position: Advanced synthetic biology tools for yeast strain development",
        "company": "ACIB GmbH"
    },
    {
        "URL": "https://www.xing.com//jobs/wien-it-site-reliability-engineer-111518677",
        "position": "IT Site Reliability Engineer (m/w/x)",
        "company": "ÖBB"
    },
    {
        "URL": "https://www.xing.com//jobs/wien-software-developer-111041029",
        "position": "Software Developer",
        "company": "Kontron AG"
    },
    {
        "URL": "https://www.xing.com//jobs/wien-fullstack-developer-110850294",
        "position": "C# Fullstack Developer",
        "company": "consourcive GmbH"
    },
    {
        "URL": "https://www.xing.com//jobs/wien-2nd-level-application-support-windows-system-administration-110583481",
        "position": "2nd Level Application Support / Windows System Administration (w/m/x)",
        "company": "InfraSoft Datenservice Ges.m.b.H."
    },
    {
        "URL": "https://www.xing.com//jobs/wien-business-intelligence-berater-110574459",
        "position": "Business Intelligence Berater",
        "company": "MOGI business creation company GmbH"
    },
    {
        "URL": "https://www.xing.com//jobs/wien-embark-program-test-automation-engineer-part-time-possible-109603449",
        "position": "EMBARK Program: Test Automation Engineer (part-time possible)",
        "company": "Accenture Dienstleistungen GmbH"
    },
    {
        "URL": "https://www.xing.com//jobs/wien-software-architect-108159034",
        "position": "Software Architect",
        "company": "TechTalk GmbH"
    },
    {
        "URL": "https://www.xing.com//jobs/wien-ordinationsassistenz-1130-wien-arzt-allgemeinmedizin-30-wochenstunden-108113896",
        "position": "Ordinationsassistenz in 1130 Wien bei Arzt für Allgemeinmedizin für 30 Wochenstunden",
        "company": "Vitalakademie Österreich"
    },
    {
        "URL": "https://www.xing.com//jobs/wien-senior-php-developer-106522149",
        "position": "Senior PHP Developer",
        "company": "Senior PHP Developer - ACL advanced commerce labs GmbH"
    },
    {
        "URL": "https://www.xing.com//jobs/wien-software-abap-quality-manager-106355401",
        "position": "Software/ABAP Quality Manager",
        "company": "voestalpine group-IT GmbH"
    }
]